method,effects,upper,lower
NetworkMTP,-0.01934417552296408,-0.01782238168601646,-0.0208659693599117
MTP,-0.01644493122136026,-0.014929373623763897,-0.01796048881895662
OLS,-0.007442697283604137,0.04568891251391932,-0.0605743070811276
