samples,er,ws,sf
100,285.2908102472827,773.7122935332316,342.4387195884579
400,389.18046135392774,1169.7670295422301,559.4339144447083
900,417.6861785818699,1263.1174330256588,639.9204167785956
1600,428.4046073810261,1295.84740737684,682.6574089555124
2500,433.70664063844026,1314.6141971965992,711.0592356279842