method,bias,pct_bias,variance,coverage,ci_width
tmle,0.13311241836896812,0.0027108822038618224,1.5559103589455907,0.94,4.8762674439764195
tmle_iid,-2.580245865684071,0.05254763368119864,5.161436566436412,0.91,8.910441358052061
ols,-2.5970541641251077,0.052889940715202866,5.1508995332445,0.9175,8.901719460410948
tmle_super,0.15803422788139548,0.00321842380458616,1.6376492144286146,0.945,5.001778529016563
tmle_iid_super,-2.6529234587054997,0.05402773896330086,5.17011018190591,0.8975,8.917795832469869
