method,effects,upper,lower
Induced MTP (Sum),-0.04168435482688404,-0.021567082422895883,-0.061801627230872194
MTP (No Interference),-0.03192403049114845,0.035754672188164305,-0.0996027331704612
GLM (No Interference),-0.015406496657815386,0.06396489866617304,-0.09477789198180382
