method,effects,upper,lower
Induced MTP (Sum),-0.04630391227438113,-0.021824350594727652,-0.07078347395403461
MTP (No Interference),-0.031935549965931176,0.03616343115457207,-0.10003453108643443
GLM (No Interference),-0.026893173171520332,0.10866664589465329,-0.16245299223769394
