method,effects,upper,lower
Induced MTP (Sum),0.05645717897402791,0.079646617586487,0.03326774036156883
MTP (No Interference),0.12880935855973524,0.22194046099184261,0.03567825612762786
GLM (No Interference),-0.0154064966578144,0.06396489866617626,-0.09477789198180507
