method,effects,upper,lower
Induced MTP (Sum),-0.04630391227438113,-0.04570163203303078,-0.046906192515731485
MTP (No Interference),-0.031935549965931176,-0.030260591623145164,-0.03361050830871719
GLM (No Interference),-0.0012014161391845953,0.02348807218843711,-0.025890904466806298
