method,effects,upper,lower
Induced MTP (Sum),-0.043813529739041845,-0.023678677562405246,-0.06394838191567845
MTP (No Interference),-0.03214912610868703,0.036072111419241285,-0.10037036363661535
GLM (No Interference),-0.0154064966578144,0.06396489866617626,-0.09477789198180507
