method,effects,upper,lower
Induced MTP (Sum),-0.04834718441021635,-0.023796583020221494,-0.0728977858002112
MTP (No Interference),-0.03264104043423055,0.03567147582991949,-0.10095355669838059
GLM (No Interference),-0.026893173171518694,0.10866664589465218,-0.16245299223768955
