method,effects,upper,lower
NetworkMTP,-0.019595840483442317,-0.01807970339741252,-0.021111977569472116
MTP,-0.013832813272580013,-0.012327980873249359,-0.015337645671910668
OLS,-0.007442697283604137,0.04568891251391932,-0.0605743070811276
