method,effects,upper,lower
Induced MTP (Sum),-0.04168435482688404,-0.0411894016967038,-0.04217930795706428
MTP (No Interference),-0.03192403049114845,-0.030259550501551328,-0.03358851048074557
GLM (No Interference),-0.01584482066246536,0.039292958461117494,-0.07098259978604822
