method,effects,upper,lower
Induced MTP (Sum),0.08298711394951164,0.10241059759206252,0.06356363030696076
MTP (No Interference),0.22421467876897683,0.3818899481616408,0.06653940937631286
GLM (No Interference),-0.026893173171520332,0.10866664589465329,-0.16245299223769394
