method,bias,pct_bias,variance,coverage
tmle,0.0009164374848865382,0.0045110705343816985,0.012704235924419044,0.952
tmle_iid,-0.21029472769959484,-1.0351544598581286,0.013098520418850491,0.542
ols,-0.21003462766421407,-1.0338741438246297,0.004970770804015351,0.26
tmle_super,-0.013367711562454285,-0.06580120383112333,0.01282024548073335,0.95
tmle_iid_super,-0.21597558448299883,-1.0631179009747151,0.01303560981209898,0.528
